text,label
Should I call my prescriber right away if I feel sad?,mental_health_warnings
How long after stopping do I have to wait to donate blood?,lifestyle_restrictions
Is transient chest pain a known side effect?,common_side_effects_and_adverse_reactions
Is calcification of ligaments possible?,common_side_effects_and_adverse_reactions
Is it safe to smooth my skin with procedures?,lifestyle_restrictions
I need to make sure I pick this up before the cutoff date.,prescription_process_and_smart_program
What is the biggest stadium in the world?,unrelated
Does it inhibit sebaceous gland function?,indications_and_efficacy
Does food increase the bioavailability of isotretinoin?,dosage_and_administration
Who is the president of Brazil?,unrelated
Should I be careful taking phenytoin with Accutane?,drug_and_supplement_interactions
Can I get a refill without a new prescription?,dosage_and_administration
Can I run a marathon?,lifestyle_restrictions
Peace out.,goodbye
"Hi, safety question.",greeting
Does it work on hormonal acne?,indications_and_efficacy
That's all I needed.,goodbye
Does psychosis mean seeing things that aren't there?,mental_health_warnings
Can I take omega-3 supplements?,drug_and_supplement_interactions
Can you prescribe medication?,bot_identity_and_disclaimer
I need to use two methods simultaneously.,pregnancy_and_contraception_risks
What is the capital of Germany?,unrelated
Does it change the composition of my skin oil?,indications_and_efficacy
"My acne is very severe, will this clear it up?",indications_and_efficacy
Can I take caffeine?,drug_and_supplement_interactions
"Nothing else, thanks.",goodbye
How do I promote my website?,unrelated
What if a pregnant woman gets my donated blood?,lifestyle_restrictions
Does it reduce sebum secretion?,indications_and_efficacy
What is the height of Mount Everest?,unrelated
Is the dose calculated by body weight?,dosage_and_administration
"Hello, urgent question.",greeting
What is the capital of Mexico?,unrelated
"Hi, I need information about Accutane.",greeting
What is the longest movie ever made?,unrelated
I'm eating much more than usual.,mental_health_warnings
"My joints are aching, is that a side effect?",common_side_effects_and_adverse_reactions
"No more questions, bye.",goodbye
Good day to you.,greeting
Can I rely on abstinence?,lifestyle_restrictions
Do you have a soul?,bot_identity_and_disclaimer
Can I take garlic supplements?,drug_and_supplement_interactions
"Much appreciated, goodbye.",goodbye
Why did the pharmacist reject my prescription today?,prescription_process_and_smart_program
Who is the richest person in the world?,unrelated
Does the sticker prove I had a negative pregnancy test?,prescription_process_and_smart_program
Can I take calcium supplements?,drug_and_supplement_interactions
Does it work on inflammatory lesions?,indications_and_efficacy
Can I share my pills with someone else?,dosage_and_administration
Why is there a limit of a 30-day supply?,prescription_process_and_smart_program
Can I use minipills for birth control?,drug_and_supplement_interactions
"My nodules are painful, will this stop the pain?",indications_and_efficacy
Are you a conscious being?,bot_identity_and_disclaimer
Can you look at a picture of my face?,bot_identity_and_disclaimer
Yo.,greeting
How do I file my taxes?,unrelated
Do I need to worry about high triglycerides?,common_side_effects_and_adverse_reactions
How do I make scrambled eggs?,unrelated
Disconnect.,goodbye
Have pregnancies been reported with St. John's Wort use?,drug_and_supplement_interactions
Do I need to follow contraceptive measures for a second course?,dosage_and_administration
Is a referral to a mental health professional necessary?,mental_health_warnings
Can I take glucosamine?,drug_and_supplement_interactions
Why do men need the sticker if they can't get pregnant?,prescription_process_and_smart_program
My doctor says I have to pick it up within 7 days of the pregnancy test.,prescription_process_and_smart_program
"I didn't get a sticker, is my prescription invalid?",prescription_process_and_smart_program
How do I make fluffy pancakes?,unrelated
Does it stop the skin from producing oil?,indications_and_efficacy
"Before increasing the dose, should I check if I'm eating enough?",dosage_and_administration
What is the chemical symbol for Iron?,unrelated
Have a good weekend.,goodbye
Should I protect the pills from light?,dosage_and_administration
How long after treatment can I start waxing again?,lifestyle_restrictions
That's all for now.,goodbye
Can I drive if my vision is blurry?,lifestyle_restrictions
What is the fastest car in the world?,unrelated
Are you a virtual assistant?,bot_identity_and_disclaimer
"My skin looks yellow (jaundice), should I be worried?",common_side_effects_and_adverse_reactions
How do I reset my wifi router?,unrelated
Can I take iron supplements?,drug_and_supplement_interactions
Can I fill this next week if I'm busy today?,prescription_process_and_smart_program
Does Accutane alter the dosage needed for phenytoin?,dosage_and_administration
Can I take anxiety medication?,drug_and_supplement_interactions
Is this an official medical tool?,bot_identity_and_disclaimer
Can I give this drug to someone else?,lifestyle_restrictions
What is the capital of Norway?,unrelated
Is the time to peak concentration longer if I take it with food?,dosage_and_administration
Is the typical dose 0.5 to 1.0 mg/kg/day?,dosage_and_administration
I have low platelets (thrombocytopenia).,common_side_effects_and_adverse_reactions
Are injectable birth control products considered primary?,pregnancy_and_contraception_risks
Do I really need two negative pregnancy tests before starting?,pregnancy_and_contraception_risks
Does the pharmacist keep the sticker?,prescription_process_and_smart_program
"Hi, quick question.",greeting
Does 'severe' mean I have many nodules?,indications_and_efficacy
What is the largest desert in the world?,unrelated
"I should take the capsule with a full meal, right?",dosage_and_administration
Can I go out in the sun if I wear a hat?,lifestyle_restrictions
I need to know the most common reasons for unplanned pregnancies.,pregnancy_and_contraception_risks
Are you a real doctor?,bot_identity_and_disclaimer
Do I have to stop Accutane to take antibiotics?,dosage_and_administration
I need to sign the S.M.A.R.T. Letter of Understanding.,pregnancy_and_contraception_risks
What is the capital of Poland?,unrelated
Is the reduction in sebum temporary or permanent?,indications_and_efficacy
"Okay, leaving.",goodbye
I'm finished here.,goodbye
Should I report mental health problems to my doctor?,mental_health_warnings
Hello.,greeting
My cuts seem to heal slower.,common_side_effects_and_adverse_reactions
My cholesterol levels went up.,common_side_effects_and_adverse_reactions
My menstrual cycle is irregular.,common_side_effects_and_adverse_reactions
"Bye, assistant.",goodbye
Can I take valerian root?,drug_and_supplement_interactions
Can it cause arthritis?,common_side_effects_and_adverse_reactions
I have heartburn (esophagitis).,common_side_effects_and_adverse_reactions
Are you regulated?,bot_identity_and_disclaimer
"Hey, can we talk?",greeting
Does the yellow sticker include my gender?,prescription_process_and_smart_program
"Hey, got a sec?",greeting
"Hello, I have a query about a capsule.",greeting
Can I operate a vehicle?,lifestyle_restrictions
"Hello, is this thing on?",greeting
Who invented the lightbulb?,unrelated
"Hi, start chat.",greeting
Does it work by drying out the skin?,indications_and_efficacy
Is it safe to drive if I have night blindness?,lifestyle_restrictions
I need to watch for signs of serious mental problems.,mental_health_warnings
"Good afternoon, I have a medical inquiry.",greeting
Can I take MSM?,drug_and_supplement_interactions
I promise to avoid sexual intercourse completely or use birth control.,pregnancy_and_contraception_risks
Is it meant for 'problem skin'?,indications_and_efficacy
"Hi, I need to know about dosage.",greeting
Are you an algorithm?,bot_identity_and_disclaimer
Can I go to a tanning salon?,lifestyle_restrictions
Logging out.,goodbye
Should I stop Accutane if I have crying spells?,mental_health_warnings
"Hi, wake up.",greeting
Should I call my prescriber right away if I have crying spells?,mental_health_warnings
How do I unclog a drain?,unrelated
How long until I see results?,indications_and_efficacy
Could this cause inflammatory bowel disease?,common_side_effects_and_adverse_reactions
Does the blood donation ban apply to everyone?,lifestyle_restrictions
Can it treat gram-negative folliculitis?,indications_and_efficacy
How do I make a resume?,unrelated
What is the largest planet in the solar system?,unrelated
Are computerized prescriptions allowed?,dosage_and_administration
What is the most visited city?,unrelated
Good bye.,goodbye
Until next time.,goodbye
Can I get dermabrasion?,lifestyle_restrictions
Does the new pharmacy need the physical sticker too?,prescription_process_and_smart_program
Why does the box say this drug causes birth defects?,pregnancy_and_contraception_risks
"Good evening, are you still working?",greeting
Can I take heart medication?,drug_and_supplement_interactions
Can I take tetracyclines with Accutane?,drug_and_supplement_interactions
My skin is flushing.,common_side_effects_and_adverse_reactions
I agree to stop if I sleep too much.,mental_health_warnings
Are you a neural network?,bot_identity_and_disclaimer
Does Accutane cause emotional instability?,mental_health_warnings
Does the pharmacist have to check the date on the sticker?,prescription_process_and_smart_program
Hello!,greeting
What is the speed of light?,unrelated
My doctor said I have severe recalcitrant nodular acne.,indications_and_efficacy
What defines a 'nodule' in acne?,indications_and_efficacy
Who composed the Fifth Symphony?,unrelated
Should I tell my doctor about my physical activities?,lifestyle_restrictions
Is it a retinoid?,indications_and_efficacy
How do I clean a coffee maker?,unrelated
What is the 'cutoff date' for filling the prescription?,prescription_process_and_smart_program
Can I get a refill for more than a 30-day supply?,dosage_and_administration
Is the qualification date the same as the pregnancy test date?,prescription_process_and_smart_program
Is there a mechanism of action established for these psychiatric events?,mental_health_warnings
Should I discuss my family history of psychiatric disorders?,mental_health_warnings
"Hi, testing.",greeting
I have thoughts about ending my own life.,mental_health_warnings
Can the depression recur if I start the therapy again?,mental_health_warnings
Is a partner's vasectomy considered a primary form of birth control?,pregnancy_and_contraception_risks
Can it cause aggressive behaviors?,mental_health_warnings
What is the capital of Russia?,unrelated
Should I diet to lower fat intake?,lifestyle_restrictions
I heard prescribers have to report all pregnancies to the FDA.,pregnancy_and_contraception_risks
What time does the stock market close?,unrelated
Does it work the same for men and women?,indications_and_efficacy
"Good morning, assistant.",greeting
Which antibiotics should I avoid?,drug_and_supplement_interactions
Can this drug cause cleft palate in babies?,pregnancy_and_contraception_risks
Who invented the telephone?,unrelated
Does the sticker link to my pregnancy test results?,prescription_process_and_smart_program
Are you a replacement for my doctor?,bot_identity_and_disclaimer
What is your knowledge base?,bot_identity_and_disclaimer
Can I take pain relievers?,drug_and_supplement_interactions
The pharmacist said the sticker was expired.,prescription_process_and_smart_program
Au revoir.,goodbye
Are you a nurse?,bot_identity_and_disclaimer
Can I take cough syrup?,drug_and_supplement_interactions
I have swollen glands (lymphadenopathy).,common_side_effects_and_adverse_reactions
What is the distance between London and Paris?,unrelated
Can it cause vascular thrombotic disease?,common_side_effects_and_adverse_reactions
How do I lose weight fast?,unrelated
"Thanks for your help, goodbye.",goodbye
Should prescribers read the brochure on recognizing psychiatric disorders?,mental_health_warnings
Does it stop the pores from clogging?,indications_and_efficacy
"Hi, I'm a doctor and I have a query.",greeting
"If I only take Accutane for a few days, can it still hurt the baby?",pregnancy_and_contraception_risks
I need to read the S.M.A.R.T. Guide to Best Practices.,prescription_process_and_smart_program
Can it cause nervousness?,common_side_effects_and_adverse_reactions
Leave me alone.,goodbye
Does this work better than systemic antibiotics?,indications_and_efficacy
I feel tired and fatigued all the time.,common_side_effects_and_adverse_reactions
Can I get free contraception counseling?,pregnancy_and_contraception_risks
Stopping now.,goodbye
What happens if I miss the 7-day window?,prescription_process_and_smart_program
Should I call my prescriber right away if I feel guilty?,mental_health_warnings
Should I ask for a ride at night?,lifestyle_restrictions
Do you understand empathy?,bot_identity_and_disclaimer
Can I self-medicate with St. John's Wort for depression?,drug_and_supplement_interactions
I'm feeling very irritable.,mental_health_warnings
I'm thinking about hurting myself.,mental_health_warnings
Can I sue you if you are wrong?,bot_identity_and_disclaimer
What language is this programmed in?,bot_identity_and_disclaimer
Who painted the Mona Lisa?,unrelated
Should I avoid sexual intercourse?,lifestyle_restrictions
"I qualified on Monday, when is the last day I can pick it up?",prescription_process_and_smart_program
Does clinical improvement happen when sebum goes down?,indications_and_efficacy
Can you speak other languages?,bot_identity_and_disclaimer
Can I take ginger?,drug_and_supplement_interactions
Are you a real person?,bot_identity_and_disclaimer
"I weigh 100 kg, can I take 100 mg?",dosage_and_administration
Can you send a prescription to my pharmacy?,bot_identity_and_disclaimer
How do I change a tire on a Toyota Corolla?,unrelated
Does it cause hydrocephalus or microcephaly?,pregnancy_and_contraception_risks
"Tubal ligation is a primary method, right?",pregnancy_and_contraception_risks
Can I take insulin?,drug_and_supplement_interactions
I need to sign a consent form about birth defects.,pregnancy_and_contraception_risks
"Thanks again, bye.",goodbye
I need a recipe for chocolate chip cookies.,unrelated
"Hi, looking for the S.M.A.R.T. guide info.",greeting
"Hello, parent of a patient here.",greeting
Is anyone there?,greeting
Will I get sunburned faster?,lifestyle_restrictions
Can hearing loss persist after stopping the drug?,common_side_effects_and_adverse_reactions
Should I wear sunscreen if I go outside?,lifestyle_restrictions
"I am a male, do I still need the yellow sticker?",prescription_process_and_smart_program
What is the best way to learn a new language?,unrelated
Do you have a gender?,bot_identity_and_disclaimer
"Hi, are you a real person.",greeting
Does Accutane affect phenytoin levels?,drug_and_supplement_interactions
Who owns this data?,bot_identity_and_disclaimer
Do you have feelings?,bot_identity_and_disclaimer
"Hey, I'm just browsing for info.",greeting
I'm having thoughts of violence.,mental_health_warnings
Stop chat.,goodbye
Should I be careful with sports injuries?,lifestyle_restrictions
Are you part of the pharmaceutical company?,bot_identity_and_disclaimer
My doctor talks to me about pregnancy risks every month.,pregnancy_and_contraception_risks
Is Accutane indicated for preventing scars?,indications_and_efficacy
Done.,goodbye
Why is sharing Accutane dangerous?,lifestyle_restrictions
What is the capital of Spain?,unrelated
"My acne is hemorrhagic, will this help?",indications_and_efficacy
Good evening.,greeting
Can it cause abnormal wound healing?,common_side_effects_and_adverse_reactions
What is the S.M.A.R.T. program mentioned in the pregnancy warnings?,pregnancy_and_contraception_risks
I have severe back pain since starting the drug.,common_side_effects_and_adverse_reactions
Can I take acetaminophen?,drug_and_supplement_interactions
I have to agree to tell my prescriber if I've ever been psychotic.,mental_health_warnings
I need to learn about comprehensive patient education for contraception.,pregnancy_and_contraception_risks
Can I get pregnant 2 months after stopping?,lifestyle_restrictions
What is the hardest mineral?,unrelated
"That solves it, thanks.",goodbye
What is your success rate?,bot_identity_and_disclaimer
Why do I have to use two forms of effective contraception?,pregnancy_and_contraception_risks
"Hello, I need to look up something on the label.",greeting
I need to tell my prescriber if anyone in my family had mental illness.,mental_health_warnings
Who invented the internet?,unrelated
What is the boiling point of water?,unrelated
Are you an expert?,bot_identity_and_disclaimer
Can I take anti-inflammatories?,drug_and_supplement_interactions
Can this medication cause blurred vision?,common_side_effects_and_adverse_reactions
Can waxing cause scarring?,lifestyle_restrictions
How do I register to vote?,unrelated
"Hello, are you available?",greeting
Can you call my doctor?,bot_identity_and_disclaimer
How do I delete an Instagram account?,unrelated
Is the drug excreted in human milk?,lifestyle_restrictions
Can I use injectable contraceptives?,drug_and_supplement_interactions
I heard this drug can cause low IQ scores in children.,pregnancy_and_contraception_risks
"If I had a hysterectomy, am I considered childbearing potential?",pregnancy_and_contraception_risks
What should I do if I miss a dose?,dosage_and_administration
"I'll ask more later, bye.",goodbye
Is it safe to breastfeed a month after stopping?,lifestyle_restrictions
Who monitors this chat?,bot_identity_and_disclaimer
I agree to stop if I have suicidal thoughts.,mental_health_warnings
"Hey, help me out here.",greeting
Can the pharmacist extend the date?,prescription_process_and_smart_program
What is the capital of Switzerland?,unrelated
Are you open source?,bot_identity_and_disclaimer
Does the sticker have to be on the prescription page itself?,prescription_process_and_smart_program
"I'll read the guide, bye.",goodbye
Does it take 15 to 20 weeks to clear up?,indications_and_efficacy
Is the yellow sticker proof of counseling?,prescription_process_and_smart_program
I must use two forms of birth control every time I have sex.,pregnancy_and_contraception_risks
Can I get a partial fill now and the rest later?,prescription_process_and_smart_program
Are you smarter than a doctor?,bot_identity_and_disclaimer
Do I need to return to the prescriber monthly?,dosage_and_administration
I agree to stop if I lose interest in things I enjoyed.,mental_health_warnings
Is it normal to have nosebleeds while taking this?,common_side_effects_and_adverse_reactions
How old are you?,bot_identity_and_disclaimer
Are there reports of suicidal ideation with this drug?,mental_health_warnings
Can I get the prescription mailed to me?,prescription_process_and_smart_program
Can I just use one form of birth control if I promise to be careful?,pregnancy_and_contraception_risks
How do I make a pumpkin pie?,unrelated
Does the prescriber checklist have to be done before the sticker is issued?,prescription_process_and_smart_program
Should I split the daily total into two doses?,dosage_and_administration
Is it safe to take a multivitamin that contains vitamin A?,drug_and_supplement_interactions
Will it help with oily hair too?,indications_and_efficacy
Will this help if I have 'many' nodules?,indications_and_efficacy
Are you always right?,bot_identity_and_disclaimer
Can I breastfeed while on this medication?,lifestyle_restrictions
"Hey, is this the help line?",greeting
Can it cause excess hair growth (hirsutism)?,common_side_effects_and_adverse_reactions
Good day.,greeting
Should I be careful taking systemic corticosteroids with Accutane?,dosage_and_administration
Can I take aspirin?,drug_and_supplement_interactions
Are telephone prescriptions allowed for Accutane?,prescription_process_and_smart_program
How do I take a screenshot on a Mac?,unrelated
I felt faint (syncope).,common_side_effects_and_adverse_reactions
Can I take vitamin D supplements?,drug_and_supplement_interactions
Should I avoid tetracyclines while taking this dosage?,dosage_and_administration
What if I have trouble swallowing the capsule?,dosage_and_administration
Can I have cosmetic surgery?,lifestyle_restrictions
Can I use wax strips on my face?,lifestyle_restrictions
There are no refills allowed on the prescription?,dosage_and_administration
Can I use a computerized prescription sent directly to the pharmacy?,prescription_process_and_smart_program
I have thoughts about hurting myself.,mental_health_warnings
How do I train for a marathon?,unrelated
My skin seems more fragile than usual.,common_side_effects_and_adverse_reactions
Why should I avoid vitamin A?,drug_and_supplement_interactions
I agree to stop if I can't concentrate.,mental_health_warnings
Can the baby die because of these abnormalities?,pregnancy_and_contraception_risks
Can I sit by a window?,lifestyle_restrictions
Why do I have to wait 8 weeks between courses?,dosage_and_administration
Is the yellow sticker used for inventory control?,prescription_process_and_smart_program
Is it indicated for severe cystic acne?,indications_and_efficacy
I should tell my prescriber if I take medicines for mental problems.,mental_health_warnings
Can I crush the capsule?,dosage_and_administration
Can the pharmacist dispense it without the sticker if they know me?,prescription_process_and_smart_program
I need to tell my doctor if I take medicine for mental problems.,mental_health_warnings
Will it stop the bleeding from my acne?,indications_and_efficacy
Is the 7-day limit for both males and females?,prescription_process_and_smart_program
Can I stop early if my nodule count drops by 70%?,dosage_and_administration
Is the risk of side effects worth it for severe acne?,indications_and_efficacy
Is it true that many patients don't need a second course?,indications_and_efficacy
My doctor mentioned a 'Yellow Self-Adhesive Accutane Qualification Sticker.',prescription_process_and_smart_program
Does Accutane cause ear abnormalities like small or absent ears?,pregnancy_and_contraception_risks
"Hello, I need the medication guide.",greeting
"Hi, I'm writing on behalf of my daughter.",greeting
"Hi, I'm ready to ask my questions.",greeting
"Hello, I need the patient agreement.",greeting
"Hello, drug info needed.",greeting
"I've tried antibiotics and they didn't work, is this next?",indications_and_efficacy
Did my prescriber sign the S.M.A.R.T. Letter of Understanding?,prescription_process_and_smart_program
What is the capital of Finland?,unrelated
Is hair loss a common side effect?,common_side_effects_and_adverse_reactions
Who is the fastest runner in history?,unrelated
Who invented the airplane?,unrelated
Did the drug cause these behaviors or would they have happened anyway?,mental_health_warnings
I agree to stop if I become aggressive.,mental_health_warnings
Is an 8-week break required before retreatment?,dosage_and_administration
What happens if I overdose on Accutane?,dosage_and_administration
"I weigh 40 kg, what is my total daily dose?",dosage_and_administration
Can taking this lead to premature births?,pregnancy_and_contraception_risks
I have pyogenic granuloma.,common_side_effects_and_adverse_reactions
Can I take weight loss pills?,drug_and_supplement_interactions
How do I make sourdough bread?,unrelated
I heard night driving might be dangerous.,lifestyle_restrictions
Can I take other acne medications?,drug_and_supplement_interactions
What is your training data?,bot_identity_and_disclaimer
How do I clean a cast iron skillet?,unrelated
Does a single course result in prolonged remission?,indications_and_efficacy
Can I take thyroid medication?,drug_and_supplement_interactions
I'm eating much less than usual.,mental_health_warnings
Can I get laser hair removal?,lifestyle_restrictions
Should I stay indoors?,lifestyle_restrictions
"Hi, let's chat.",greeting
"Good afternoon, bot.",greeting
Can the sticker expire?,prescription_process_and_smart_program
Does 'systemic' mean it affects the whole body?,indications_and_efficacy
Can it cause tendonitis?,common_side_effects_and_adverse_reactions
What are the internal abnormalities associated with this drug?,pregnancy_and_contraception_risks
Is it normal to have voice alterations?,common_side_effects_and_adverse_reactions
What is the sensitivity requirement for the pregnancy test?,pregnancy_and_contraception_risks
Are you ChatGPT?,bot_identity_and_disclaimer
Can I take flaxseed oil?,drug_and_supplement_interactions
Do I have to use spermicide with condoms?,pregnancy_and_contraception_risks
How does it compare to 13-cis-retinoic acid?,indications_and_efficacy
How much liquid should I drink with the capsule?,dosage_and_administration
Is the risk of pregnancy higher if I only use one method?,pregnancy_and_contraception_risks
How do I connect my bluetooth headphones?,unrelated
Why is the system called System to Manage Accutane Related Teratogenicity?,prescription_process_and_smart_program
Does this medication cause psychosis?,mental_health_warnings
Are you safe to use?,bot_identity_and_disclaimer
How do I make a margarita?,unrelated
"Thanks, bye.",goodbye
I need to avoid getting pregnant because of the high risk of defects.,pregnancy_and_contraception_risks
What is the best camera for photography?,unrelated
Good afternoon.,greeting
Can I use lotion?,lifestyle_restrictions
Can I watch TV in the dark?,lifestyle_restrictions
Do I take it 2 times a day unless told otherwise?,dosage_and_administration
"Hello, I have a concern.",greeting
Why should this be reserved for patients unresponsive to other therapies?,indications_and_efficacy
Who starred in the movie Titanic?,unrelated
Why isn't one method of birth control enough?,pregnancy_and_contraception_risks
Is the decrease in sebum related to the dose I take?,indications_and_efficacy
Are you a verified source?,bot_identity_and_disclaimer
"Thanks for clarifying, goodbye.",goodbye
Who won the Super Bowl last year?,unrelated
Ciao.,goodbye
Are nodules the same as regular pimples?,indications_and_efficacy
Have a good day.,goodbye
What is the deadliest animal?,unrelated
Can I take allergy medication?,drug_and_supplement_interactions
"My doctor said this is for 'cystic' acne, is that the same as nodular?",indications_and_efficacy
Can I take vitamin E supplements?,drug_and_supplement_interactions
I feel depressed and anxious.,common_side_effects_and_adverse_reactions
Are you available 24/7?,bot_identity_and_disclaimer
Does taking tetracyclines increase the risk of pseudotumor cerebri?,drug_and_supplement_interactions
"I'm all set, bye.",goodbye
I need to tell my doctor if I take antidepressants.,mental_health_warnings
Can I get an emergency supply without the sticker?,prescription_process_and_smart_program
Should I avoid alcohol if my triglycerides are high?,lifestyle_restrictions
Does the booklet explain contraceptive failure rates?,pregnancy_and_contraception_risks
Can you feel pain?,bot_identity_and_disclaimer
I heard taking it with a high-fat meal helps absorption.,dosage_and_administration
It says it is indicated only for females who are not pregnant.,indications_and_efficacy
Who discovered America?,unrelated
Is it common for teenagers to get back pain on Accutane?,common_side_effects_and_adverse_reactions
Can I take sleeping aids?,drug_and_supplement_interactions
Is it better to take it twice a day?,dosage_and_administration
"I'm good, thanks.",goodbye
How do I change my Facebook password?,unrelated
I have feelings of inappropriate guilt.,mental_health_warnings
I heard women on the pill have still gotten pregnant on Accutane.,pregnancy_and_contraception_risks
Who pays for the pregnancy prevention counseling?,pregnancy_and_contraception_risks
What is the capital of South Korea?,unrelated
Hi there.,greeting
I can't focus at work.,mental_health_warnings
Are you a diagnostic tool?,bot_identity_and_disclaimer
Can I take vitamin A supplements while on this dosage?,dosage_and_administration
Have a nice evening.,goodbye
What happens if I get pregnant during treatment?,pregnancy_and_contraception_risks
How do I fix a leaking faucet?,unrelated
"Hi, are you the Accutane assistant.",greeting
I feel drowsy and lethargic.,common_side_effects_and_adverse_reactions
What is rhabdomyolysis?,common_side_effects_and_adverse_reactions
How do I block a number on my iPhone?,unrelated
Should I chew the capsule?,dosage_and_administration
What version of the software is this?,bot_identity_and_disclaimer
How do I fix a running toilet?,unrelated
"Hi, resuming our chat.",greeting
Can I use the mini-pill while on Accutane?,pregnancy_and_contraception_risks
Why shouldn't I wax my skin while on Accutane?,lifestyle_restrictions
What is the best pizza place in town?,unrelated
Will absorption decrease significantly without food?,dosage_and_administration
Who trained you?,bot_identity_and_disclaimer
Can I use a photocopy of the sticker?,prescription_process_and_smart_program
"Hello, can you answer medical questions.",greeting
Are you unbiased?,bot_identity_and_disclaimer
Why can't I donate blood for 30 days?,lifestyle_restrictions
Greetings and salutations.,greeting
How do I get a refund from Steam?,unrelated
"If swallowing is painful, should I call my doctor?",dosage_and_administration
"Goodbye, bot.",goodbye
What is the capital of Canada?,unrelated
How do I make a smoothie?,unrelated
How do I plant a tomato garden?,unrelated
I'm irritable and angry lately.,mental_health_warnings
Should I store the pills at room temperature?,dosage_and_administration
"Hey, anyone home?",greeting
"Good evening, support team.",greeting
Is it possible to have an allergic reaction?,common_side_effects_and_adverse_reactions
"Hi, let's get started.",greeting
What happens to my data?,bot_identity_and_disclaimer
How do I learn to play the guitar?,unrelated
How long is a single course of therapy?,dosage_and_administration
I feel like a bad person for no reason.,mental_health_warnings
How many continents are there?,unrelated
Can I trust your advice?,bot_identity_and_disclaimer
"Excellent, thanks, bye.",goodbye
How do I get to the nearest gas station?,unrelated
Bye.,goodbye
Who is the CEO of Tesla?,unrelated
I have protein in my urine.,common_side_effects_and_adverse_reactions
Can the dose go up to 2.0 mg/kg/day?,dosage_and_administration
Is Pluto considered a planet?,unrelated
I need to do monthly pregnancy avoidance counseling.,pregnancy_and_contraception_risks
Some patients developed serious mental problems shortly after stopping.,mental_health_warnings
Can I take hormone replacement therapy?,drug_and_supplement_interactions
Is there an interactive effect on bone loss with corticosteroids?,drug_and_supplement_interactions
How do I apply for a mortgage?,unrelated
How do I renew my passport?,unrelated
Should I stop driving if I can't see?,lifestyle_restrictions
I'm urinating frequently.,common_side_effects_and_adverse_reactions
Can my doctor call in the prescription over the phone?,dosage_and_administration
Is skin resurfacing safe while on the drug?,lifestyle_restrictions
How recent does the prescription need to be?,dosage_and_administration
I've been feeling sad since starting Accutane.,mental_health_warnings
Can I take this if I am on anticonvulsants?,dosage_and_administration
How do I make a paper airplane?,unrelated
Have there been documented cases of human fetal abnormalities?,pregnancy_and_contraception_risks
Will this help with my oily skin?,indications_and_efficacy
What is the main ingredient in hummus?,unrelated
Can I have unprotected sex?,lifestyle_restrictions
I have trouble swallowing.,common_side_effects_and_adverse_reactions
What is the difference between a crocodile and an alligator?,unrelated
What is your privacy policy?,bot_identity_and_disclaimer
I have stomach pain and diarrhea.,common_side_effects_and_adverse_reactions
Does it inhibit sebaceous gland differentiation?,indications_and_efficacy
"Hi, please help me.",greeting
Can I take vitamin supplements with Vitamin A?,lifestyle_restrictions
Is it safe to take doxycycline?,drug_and_supplement_interactions
"Alright, bye.",goodbye
Should I avoid heavy machinery?,lifestyle_restrictions
Can I take this for mild pimples if I want them gone fast?,indications_and_efficacy
How do I get a stain out of a white shirt?,unrelated
"I want to die, should I stop the pill?",mental_health_warnings
Later.,goodbye
Can I get the drug if I don't use contraception?,pregnancy_and_contraception_risks
Can this drug affect my liver enzymes?,common_side_effects_and_adverse_reactions
Does it work for everyone?,indications_and_efficacy
How do I write a check?,unrelated
Do I have to use birth control for a month before starting?,pregnancy_and_contraception_risks
Should I use combined oral contraceptives instead of minipills?,drug_and_supplement_interactions
"Got it, thanks, bye.",goodbye
Is this part of the Accutane Pregnancy Prevention Program?,prescription_process_and_smart_program
My weight has changed since starting Accutane.,mental_health_warnings
What if my doctor runs out of yellow stickers?,prescription_process_and_smart_program
How far is the moon from the earth?,unrelated
Do you have access to my webcam?,bot_identity_and_disclaimer
Can I take laxatives?,drug_and_supplement_interactions
Can Accutane interact with hormonal contraceptives?,drug_and_supplement_interactions
"Hello, chatbot.",greeting
Can it cause skin infections?,common_side_effects_and_adverse_reactions
Can Accutane cause headaches?,common_side_effects_and_adverse_reactions
My heart is racing (tachycardia).,common_side_effects_and_adverse_reactions
Can it cause cataracts?,common_side_effects_and_adverse_reactions
How do I get rid of fruit flies?,unrelated
Do I need blood tests during my monthly visits?,dosage_and_administration
Is sweating a side effect?,common_side_effects_and_adverse_reactions
Is neutropenia a side effect?,common_side_effects_and_adverse_reactions
What are the available strengths of Accutane capsules?,dosage_and_administration
How do you know this information?,bot_identity_and_disclaimer
Does the sticker have a serial number?,prescription_process_and_smart_program
Do I have to be reliable in following instructions to take this?,pregnancy_and_contraception_risks
Can you translate 'hello' into Spanish?,unrelated
Can my doctor call the pharmacy to authorize the refill?,prescription_process_and_smart_program
Do I need pregnancy prevention counseling before starting?,pregnancy_and_contraception_risks
I agree to tell my prescriber if my family has a history of suicide.,mental_health_warnings
Who was the first person on the moon?,unrelated
Will my pores get smaller?,indications_and_efficacy
Is rectal bleeding a side effect I should worry about?,common_side_effects_and_adverse_reactions
What is the recommended dosage range for Accutane?,dosage_and_administration
Cheerio.,goodbye
"Hello, begin session.",greeting
How do I stop my cat from scratching the furniture?,unrelated
What if I am postmenopausal?,pregnancy_and_contraception_risks
How do I bake a potato in the microwave?,unrelated
Does it shrink the oil glands?,indications_and_efficacy
Is the dose 0.5 mg/kg per day?,dosage_and_administration
Is the decrease in sebum related to how long I take it?,indications_and_efficacy
Can I transfer this prescription to another pharmacy?,prescription_process_and_smart_program
I'm heading out.,goodbye
"Okay, bye.",goodbye
I need to make sure my doctor has stickers in stock.,prescription_process_and_smart_program
Who is responsible for your answers?,bot_identity_and_disclaimer
Are you an AI?,bot_identity_and_disclaimer
What is the oldest university?,unrelated
Can I get two months' worth if I'm going on vacation?,prescription_process_and_smart_program
Exit.,goodbye
What is allergic vasculitis?,common_side_effects_and_adverse_reactions
How do I start a blog?,unrelated
Can I use a cervical cap as a secondary form of birth control?,pregnancy_and_contraception_risks
Do I need a yellow sticker for every prescription?,dosage_and_administration
Who wrote the Harry Potter books?,unrelated
When is the next leap year?,unrelated
How long should I wait before starting a second course?,dosage_and_administration
Does the mail-order pharmacy require the sticker?,prescription_process_and_smart_program
I received information on emergency contraception.,pregnancy_and_contraception_risks
Does conventional therapy include creams?,indications_and_efficacy
"No thanks, bye.",goodbye
What is the mechanism of action?,indications_and_efficacy
The yellow sticker documents that I am qualified.,pregnancy_and_contraception_risks
Should I avoid situations where I might get hurt?,lifestyle_restrictions
Will the pharmacy fill it without the sticker?,dosage_and_administration
"I want to get a leg wax, is that okay?",lifestyle_restrictions
How do I make a salad dressing?,unrelated
Can I work night shifts?,lifestyle_restrictions
"My acne is suppurative, is Accutane indicated?",indications_and_efficacy
Can I take diuretics?,drug_and_supplement_interactions
Can I get a tattoo?,lifestyle_restrictions
Are you approved by the FDA?,bot_identity_and_disclaimer
My pharmacy says they need a qualification sticker.,prescription_process_and_smart_program
Should I stop exercising if I have muscle pain?,lifestyle_restrictions
Can I just skip the missed dose?,dosage_and_administration
Is it effective in pediatric patients?,indications_and_efficacy
How do I learn to code?,unrelated
People have ended their own lives on this medication.,mental_health_warnings
Can I suck on the capsule?,dosage_and_administration
I need to take it for 15 weeks minimum.,dosage_and_administration
How do I change the oil in my car?,unrelated
Can I stop using birth control 1 month after treatment?,lifestyle_restrictions
Can I take fiber supplements?,drug_and_supplement_interactions
Who is the queen of pop?,unrelated
Thanks for your time.,goodbye
"Hello, I'm confused about my prescription.",greeting
Can I wear my contact lenses?,lifestyle_restrictions
Can I take cold medicine?,drug_and_supplement_interactions
What model are you running on?,bot_identity_and_disclaimer
Do I have to wait 6 months for laser procedures too?,lifestyle_restrictions
How do I calm down when I'm anxious?,unrelated
Terminate.,goodbye
Will this help if conventional therapy failed?,indications_and_efficacy
Is it normal to have temper outbursts?,mental_health_warnings
I agree to tell my prescriber if my family has a history of psychosis.,mental_health_warnings
I have red patches on my extremities.,common_side_effects_and_adverse_reactions
Who wrote the Lord of the Rings?,unrelated
Can you keep a secret?,bot_identity_and_disclaimer
I feel nauseous and have been vomiting.,common_side_effects_and_adverse_reactions
Can I take black cohosh?,drug_and_supplement_interactions
"For males, is the qualification date the day the prescription is written?",prescription_process_and_smart_program
How do I get rid of ants in the kitchen?,unrelated
How do I edit a PDF?,unrelated
Does this medication increase the risk of spontaneous abortion?,pregnancy_and_contraception_risks
What is the capital of Australia?,unrelated
I've lost interest in social activities.,mental_health_warnings
"Hi, I need the yellow sticker info.",greeting
How do I start a fire without matches?,unrelated
What is the formula for the area of a circle?,unrelated
Can I donate blood if I'm a male?,lifestyle_restrictions
"Hi, Accutane help.",greeting
Can you authorize a refill?,bot_identity_and_disclaimer
Are you a dermatologist?,bot_identity_and_disclaimer
Why is the dispensing window so short?,prescription_process_and_smart_program
Is the Medication Guide part of the risk management program?,prescription_process_and_smart_program
Hey.,greeting
Farewell.,goodbye
What is the population of Tokyo?,unrelated
Can I take energy drinks?,drug_and_supplement_interactions
Why are minipills considered an inadequate method of contraception?,drug_and_supplement_interactions
Should I be cautious using steroids and Accutane together?,drug_and_supplement_interactions
When would a doctor increase the dose to 2.0 mg?,dosage_and_administration
Can I get the yellow stickers myself?,prescription_process_and_smart_program
"Hello, I'm a patient taking Accutane.",greeting
Are you certified?,bot_identity_and_disclaimer
Who wrote the Declaration of Independence?,unrelated
Is it true that I can't determine which fetus is affected?,pregnancy_and_contraception_risks
"If I become more irritable than usual, should I call my doctor?",mental_health_warnings
Should I take two doses if I missed one?,dosage_and_administration
Can I opt out of the S.M.A.R.T. program?,prescription_process_and_smart_program
Can I take sleeping pills?,drug_and_supplement_interactions
How big does a lesion have to be to be considered a nodule?,indications_and_efficacy
"If the sticker isn't there, should I call the prescriber?",dosage_and_administration
Can I take diet pills?,drug_and_supplement_interactions
Are there cardiovascular abnormalities linked to Accutane?,pregnancy_and_contraception_risks
Can I take it for longer than the recommended duration?,dosage_and_administration
How do I make a reservation at a restaurant?,unrelated
Can I use moisturizer for my dry skin?,lifestyle_restrictions
"Hello, connect me.",greeting
What does psychosis mean?,mental_health_warnings
I'm having trouble concentrating.,mental_health_warnings
Should I avoid sunlight completely?,lifestyle_restrictions
What is the capital of Argentina?,unrelated
Is the sticker the only way to get the drug?,prescription_process_and_smart_program
How do I make a paper boat?,unrelated
"I'm done, thanks.",goodbye
"If I stop taking it, will the depression go away immediately?",mental_health_warnings
What is the weather like in New York today?,unrelated
Hey!,greeting
What is the heaviest land animal?,unrelated
"I'll take the test, bye.",goodbye
What is the square root of 144?,unrelated
Is it okay to take low doses for a long time?,dosage_and_administration
What is the most spoken language in the world?,unrelated
I'm withdrawing from my family.,mental_health_warnings
Is this advice legally binding?,bot_identity_and_disclaimer
Does it work for whiteheads?,indications_and_efficacy
I must stop taking Accutane if I miss my period.,pregnancy_and_contraception_risks
Can I take seizure medication?,drug_and_supplement_interactions
How do I boost my credit score?,unrelated
Should I avoid prolonged exposure to sunlight?,lifestyle_restrictions
What is benign intracranial hypertension?,drug_and_supplement_interactions
Explain the theory of relativity in simple terms.,unrelated
I'm getting sunburned really easily.,common_side_effects_and_adverse_reactions
Can I take it if I have mild acne but I'm depressed about it?,indications_and_efficacy
What is the process for qualifying a female patient?,prescription_process_and_smart_program
"Hey, I'm back with another question.",greeting
My mood has changed to being angry.,mental_health_warnings
"I feel anxious and empty, is that a side effect?",mental_health_warnings
"Perfect, goodbye.",goodbye
Why are there no refills permitted on this drug?,prescription_process_and_smart_program
Is it indicated for males with severe acne?,indications_and_efficacy
Are you HIPAA compliant?,bot_identity_and_disclaimer
"I'm sleeping too much, could it be the drug?",mental_health_warnings
My white blood cell count is low.,common_side_effects_and_adverse_reactions
What is your purpose?,bot_identity_and_disclaimer
I feel like I have no energy.,mental_health_warnings
"Hi, can you help me?",greeting
Does Accutane cause loss of contact with reality?,mental_health_warnings
Can I take it if the sticker date is more than 7 days ago?,dosage_and_administration
See you later.,goodbye
What kind of skull abnormalities can occur?,pregnancy_and_contraception_risks
How do I clear my browser cache?,unrelated
Signing off.,goodbye
Does conventional therapy include oral antibiotics?,indications_and_efficacy
"You answered everything, thanks.",goodbye
"My family has a history of mental illness, is that a problem?",mental_health_warnings
I've lost interest in sports I used to like.,mental_health_warnings
The pharmacy said my qualification date is too old.,prescription_process_and_smart_program
Good day.,goodbye
Can it cause anemia?,common_side_effects_and_adverse_reactions
What is the closest star to Earth?,unrelated
"I'll call my doctor, thanks, bye.",goodbye
Can it cause blood in the urine?,common_side_effects_and_adverse_reactions
Who is the Prime Minister of the UK?,unrelated
Can I take probiotics?,drug_and_supplement_interactions
How do I make a GIF?,unrelated
Will the manufacturer provide the pregnancy test kits?,pregnancy_and_contraception_risks
My partner and I need to be careful about pregnancy risks.,pregnancy_and_contraception_risks
Can I use a sunlamp?,lifestyle_restrictions
Can I use a diaphragm as my only method of protection?,pregnancy_and_contraception_risks
I don't want to see my friends anymore.,mental_health_warnings
Is decreased night vision permanent?,common_side_effects_and_adverse_reactions
What is the freezing point of alcohol?,unrelated
What is the 'Prescriber Checklist' mentioned in the S.M.A.R.T. letter?,prescription_process_and_smart_program
I need to make sure I don't self-medicate with herbal supplements.,dosage_and_administration
Can I take evening primrose oil?,drug_and_supplement_interactions
Did people get pregnant while taking St. John's Wort and Accutane?,pregnancy_and_contraception_risks
Is it possible to get pancreatitis from this?,common_side_effects_and_adverse_reactions
Can I donate blood immediately after my last dose?,lifestyle_restrictions
How do I format a USB drive?,unrelated
Can I take turmeric?,drug_and_supplement_interactions
Can you predict my side effects?,bot_identity_and_disclaimer
"Hello, I'm prescribing isotretinoin.",greeting
Can I walk outside during the day?,lifestyle_restrictions
Can I donate blood if I took too much Accutane?,dosage_and_administration
Is the prescription really only good for 7 days?,prescription_process_and_smart_program
Go away.,goodbye
What is your name?,bot_identity_and_disclaimer
Is dizziness a side effect?,common_side_effects_and_adverse_reactions
Is it true that Accutane is contraindicated for pregnant females?,pregnancy_and_contraception_risks
"Thanks, see you.",goodbye
Can I take vitamin B supplements?,drug_and_supplement_interactions
What is the capital of Thailand?,unrelated
Do you have malpractice insurance?,bot_identity_and_disclaimer
"Hi, nice to meet you.",greeting
Should I discuss continuing the pregnancy if I conceive?,pregnancy_and_contraception_risks
Why can't I use an online doctor for this?,prescription_process_and_smart_program
Finished.,goodbye
Do I have to get tested for pregnancy every single month?,pregnancy_and_contraception_risks
Can I get a refill if I have refills left on the bottle?,dosage_and_administration
Is it possible to become aggressive on this drug?,mental_health_warnings
What is the success rate?,indications_and_efficacy
Should I be cautious operating vehicles at night?,lifestyle_restrictions
Have a great day.,goodbye
Should I use two forms of birth control?,lifestyle_restrictions
Are micro-dosed progesterone preparations effective with Accutane?,drug_and_supplement_interactions
What is the best yoga pose for back pain?,unrelated
"I'll check the label, thanks, bye.",goodbye
Can I use public transport?,lifestyle_restrictions
Shut down.,goodbye
What is the best way to train a puppy?,unrelated
I have hives (urticaria).,common_side_effects_and_adverse_reactions
Can I bring the sticker to the pharmacy later?,prescription_process_and_smart_program
Should I get a Medication Guide every time I pick up the drug?,dosage_and_administration
Why do I get a Medication Guide every time I pick it up?,prescription_process_and_smart_program
How do I tie a Windsor knot?,unrelated
I have a rash on my arms.,common_side_effects_and_adverse_reactions
Does the prescriber have to obtain the stickers from the manufacturer?,prescription_process_and_smart_program
Does psychosis mean hearing voices?,mental_health_warnings
"Hello, Isotretinoin help.",greeting
Who discovered penicillin?,unrelated
Should I avoid sports with repetitive impact?,lifestyle_restrictions
Can Accutane make my birth control pills less effective?,pregnancy_and_contraception_risks
Can you refuse to answer?,bot_identity_and_disclaimer
What are corneal opacities?,common_side_effects_and_adverse_reactions
"If I only have a few nodules, can I take this?",indications_and_efficacy
Can I renew the prescription over the phone?,prescription_process_and_smart_program
What are the rules of chess?,unrelated
What is the most expensive car?,unrelated
Can you see my medical records?,bot_identity_and_disclaimer
IUDs are considered primary methods.,pregnancy_and_contraception_risks
Is 5 mm the size of a nodule?,indications_and_efficacy
Why does my doctor need to know about unplanned pregnancy risks?,pregnancy_and_contraception_risks
Can I take collagen?,drug_and_supplement_interactions
Does it help with draining sinuses?,indications_and_efficacy
I read that I must not get pregnant while on this medication.,pregnancy_and_contraception_risks
Can the capsule irritate my esophagus?,dosage_and_administration
How do I make iced tea?,unrelated
I have conjunctivitis (pink eye).,common_side_effects_and_adverse_reactions
How do I fix a squeaky door?,unrelated
Talk to you later.,goodbye
Can you solve this differential equation for me?,unrelated
Can I take antibiotics for an infection?,drug_and_supplement_interactions
What is the capital of Sweden?,unrelated
Can I rely on just condoms?,lifestyle_restrictions
My sleeping habits have changed.,mental_health_warnings
Can I share my medication with my friend who has acne?,lifestyle_restrictions
What is the capital of Portugal?,unrelated
I need to avoid unplanned pregnancy.,pregnancy_and_contraception_risks
Can I go to the beach for vacation?,lifestyle_restrictions
Write a poem about a lonely robot.,unrelated
My blood sugar is higher than normal.,common_side_effects_and_adverse_reactions
Does an overdose cause vomiting or facial flushing?,dosage_and_administration
Who programmed you?,bot_identity_and_disclaimer
How do I install Windows 11?,unrelated
How do I remove malware from my PC?,unrelated
Do corticosteroids cause osteoporosis?,drug_and_supplement_interactions
Can I take mood stabilizers?,drug_and_supplement_interactions
Is the yellow sticker a federal requirement?,prescription_process_and_smart_program
What is the capital of Egypt?,unrelated
How do I boil an egg?,unrelated
I'm closing the window.,goodbye
How do I make a vision board?,unrelated
What is the atomic number of Gold?,unrelated
How do I make a grilled cheese sandwich?,unrelated
My CPK levels are elevated.,common_side_effects_and_adverse_reactions
Bye bye.,goodbye
What is the capital of Austria?,unrelated
"Understood, goodbye.",goodbye
Is it okay to use hair removal creams?,lifestyle_restrictions
I'm withdrawing from my friends.,mental_health_warnings
"Hi, question about pregnancy risks.",greeting
I agree to stop if I feel worthless.,mental_health_warnings
Can I take antidepressants?,drug_and_supplement_interactions
Can this medication cause diabetes?,common_side_effects_and_adverse_reactions
"That answers my question, bye.",goodbye
Does the drug cause violent behaviors?,mental_health_warnings
Adios.,goodbye
Can this drug cause peeling of palms and soles?,common_side_effects_and_adverse_reactions
"Good morning, I hope you can help.",greeting
Do you have a medical license?,bot_identity_and_disclaimer
Nobody knows if Accutane caused the suicide.,mental_health_warnings
Can I use self-tanning lotions?,lifestyle_restrictions
Take care.,goodbye
End chat.,goodbye
I'm leaving.,goodbye
Can I take melatonin?,drug_and_supplement_interactions
Sayonara.,goodbye
"If I weigh 70 kg, should I take 70 mg a day?",dosage_and_administration
The pharmacy refused to fill it because the sticker was missing.,prescription_process_and_smart_program
"Hi, I have a query about a pill.",greeting
Can I take vitamin A supplements while on Accutane?,drug_and_supplement_interactions
Should I call my prescriber right away if I'm angry?,mental_health_warnings
Is it safe to use micro-dosed progesterone preparations?,pregnancy_and_contraception_risks
Can I take creatine?,drug_and_supplement_interactions
What is the longest river in the world?,unrelated
What is the hottest pepper in the world?,unrelated
How do I make slime?,unrelated
Do I have to see my doctor every month to get a new script?,prescription_process_and_smart_program
What is the capital of the Netherlands?,unrelated
Is this program mandatory for everyone?,prescription_process_and_smart_program
Is it safe to play sports that might cause bone fractures?,lifestyle_restrictions
"Hello, I was told to ask you some questions.",greeting
Can I take minocycline for my acne while on Accutane?,drug_and_supplement_interactions
What is skeletal hyperostosis?,common_side_effects_and_adverse_reactions
Can other medicines make my birth control pills fail?,pregnancy_and_contraception_risks
I must not breastfeed while taking this medication.,pregnancy_and_contraception_risks
Can I take pre-workout?,drug_and_supplement_interactions
Good morning.,greeting
Why is it called a 'systemic retinoid'?,indications_and_efficacy
Does the prescription expire after 7 days?,dosage_and_administration
How do I fix a flat tire on a bike?,unrelated
Can I take protein powder?,drug_and_supplement_interactions
Can you tell me a joke about a programmer?,unrelated
What is the largest mammal?,unrelated
"Hi, are you a bot?",greeting
Is it indicated for children?,indications_and_efficacy
How do I make a protein shake?,unrelated
Can the doctor adjust my dose during treatment?,dosage_and_administration
What counts as a primary form of contraception?,pregnancy_and_contraception_risks
I'm all set.,goodbye
"Thanks, take care.",goodbye
Why is it not indicated for mild acne?,indications_and_efficacy
Recommend a good sci-fi movie on Netflix.,unrelated
Is the goal complete clearance or just improvement?,indications_and_efficacy
What is the smallest country in the world?,unrelated
Have a safe day.,goodbye
Can I stop after 2 months if I'm better?,dosage_and_administration
Did lower dosages require more retreatment in studies?,dosage_and_administration
What is the S.M.A.R.T. program mentioned on my prescription?,prescription_process_and_smart_program
Who is the lead singer of Coldplay?,unrelated
How do I get a job at Google?,unrelated
Do I need a new sticker if the pharmacy is out of stock?,prescription_process_and_smart_program
Should I always take Accutane capsules with food?,dosage_and_administration
Can I get a chemical peel?,lifestyle_restrictions
Can it cause bleeding gums?,common_side_effects_and_adverse_reactions
Why are my lips so dry and cracked?,common_side_effects_and_adverse_reactions
Will it clear up my face and my back?,indications_and_efficacy
Can I take St. John's Wort?,drug_and_supplement_interactions
Can I lift heavy weights?,lifestyle_restrictions
Will my oil glands grow back after I stop?,indications_and_efficacy
"Hi, I'm looking for specific info.",greeting
"Hey, simple question.",greeting
No further questions.,goodbye
Should I swallow the capsule with liquid?,dosage_and_administration
Can I use lip balm?,lifestyle_restrictions
Hiya.,greeting
What is the capital of Denmark?,unrelated
What does the yellow self-adhesive sticker signify?,prescription_process_and_smart_program
Who is the richest actor?,unrelated
Does the sticker serve as documentation for the pharmacist?,prescription_process_and_smart_program
"I feel like hitting someone, is this the drug?",mental_health_warnings
How do I make french toast?,unrelated
Can it cause stroke?,common_side_effects_and_adverse_reactions
Will it reduce the size of my sebaceous glands?,indications_and_efficacy
Can I nurse my baby?,lifestyle_restrictions
Closing chat.,goodbye
Why shouldn't I take St. John's Wort while on birth control?,pregnancy_and_contraception_risks
Bye for now.,goodbye
Can I take diabetes medication?,drug_and_supplement_interactions
Do corneal opacities go away?,common_side_effects_and_adverse_reactions
What is the zip code for Beverly Hills?,unrelated
How do I make guacamole?,unrelated
"Hey there, I need some help.",greeting
Can Accutane cause depression?,mental_health_warnings
Is this confidential?,bot_identity_and_disclaimer
Should I look at the package insert of my other meds to check for interactions?,pregnancy_and_contraception_risks
Can I take herbal tea?,drug_and_supplement_interactions
How accurate are you?,bot_identity_and_disclaimer
Does it affect keratinization?,indications_and_efficacy
Why is the process so complicated for this drug?,prescription_process_and_smart_program
Will this help with scarring?,indications_and_efficacy
Who is the current Pope?,unrelated
Can I participate in sports?,lifestyle_restrictions
"I'm having crying spells, what should I do?",mental_health_warnings
What is the average temperature on Mars?,unrelated
Can this affect my bones?,common_side_effects_and_adverse_reactions
"Hello, system check.",greeting
Is the mechanism of action unknown?,indications_and_efficacy
I need to present the prescription with the sticker to the pharmacist.,dosage_and_administration
I need to watch for mental health issues as a serious side effect.,mental_health_warnings
"Very helpful, bye.",goodbye
Can I expect complete remission?,indications_and_efficacy
Where can I find the rates of contraception failure?,pregnancy_and_contraception_risks
What are the symptoms of pseudotumor cerebri?,common_side_effects_and_adverse_reactions
My parents should read the informed consent about mental problems.,mental_health_warnings
Do females of childbearing potential need a confirmatory test?,pregnancy_and_contraception_risks
"Nope, that's it.",goodbye
Should men use a condom for 30 days after an overdose?,dosage_and_administration
Can I stop using birth control during treatment?,lifestyle_restrictions
Can I use implantable contraceptives?,drug_and_supplement_interactions
Do you know my name?,bot_identity_and_disclaimer
How does a mail-order pharmacy check the 7-day window?,prescription_process_and_smart_program
Is it the most effective treatment available?,indications_and_efficacy
"If the pharmacy orders it, will I miss my 7-day window?",prescription_process_and_smart_program
Should I avoid going out in the sun?,lifestyle_restrictions
Bye now.,goodbye
Can you help me debug my Python code?,unrelated
Who wrote the Odyssey?,unrelated
I need to sign the patient agreement before getting the sticker.,prescription_process_and_smart_program
What is the capital of Belgium?,unrelated
Do you have a physical body?,bot_identity_and_disclaimer
Can I have laser skin treatment?,lifestyle_restrictions
Do minipills contain estrogen?,drug_and_supplement_interactions
Will I be acne-free forever after one course?,indications_and_efficacy
Can I get a 90-day supply so I don't have to come back next month?,prescription_process_and_smart_program
Does it cause hypopigmentation?,common_side_effects_and_adverse_reactions
"Hi, I'm taking isotretinoin.",greeting
"Hi, FDA info needed.",greeting
Can my acne continue to improve after I stop taking the drug?,dosage_and_administration
Is hearing impairment a risk with this drug?,common_side_effects_and_adverse_reactions
Is once-daily dosing recommended?,dosage_and_administration
Is the indication strictly physical severity?,indications_and_efficacy
Can working out hard cause muscle damage on this drug?,common_side_effects_and_adverse_reactions
My doctor forgot to put a yellow sticker on the paper.,prescription_process_and_smart_program
Can you tell me what to do?,bot_identity_and_disclaimer
Are you a pharmacist?,bot_identity_and_disclaimer
Do you store my chat history?,bot_identity_and_disclaimer
Can I get a piercing?,lifestyle_restrictions
Who won the last election?,unrelated
Who manages this service?,bot_identity_and_disclaimer
Why do I need to drink a full glass of liquid?,dosage_and_administration
I agree to stop if my appetite changes.,mental_health_warnings
Is there a human checking your answers?,bot_identity_and_disclaimer
What is the capital of Italy?,unrelated
Can this drug make me feel anxious?,mental_health_warnings
Can you make an appointment for me?,bot_identity_and_disclaimer
Will this cure my acne permanently?,indications_and_efficacy
"Hey, I need assistance.",greeting
Could a bad headache be a sign of brain pressure?,common_side_effects_and_adverse_reactions
How long should I avoid pregnancy after an overdose?,dosage_and_administration
Is it 13-cis-retinoic acid?,indications_and_efficacy
"I'll come back later, bye.",goodbye
Is it indicated for adults over 18?,indications_and_efficacy
What is the exchange rate for the Euro today?,unrelated
I have to go to the office just to get the sticker?,prescription_process_and_smart_program
Is this drug for mild acne?,indications_and_efficacy
Can I take antacids?,drug_and_supplement_interactions
Should I report a pregnancy to the Roche program specialist?,pregnancy_and_contraception_risks
"Hi, I'm new here.",greeting
Does it cause hyperpigmentation?,common_side_effects_and_adverse_reactions
I have to verify I know the risk of fetal injury.,pregnancy_and_contraception_risks
Is it effective for trunk acne?,indications_and_efficacy
I need to use effective contraception for 30 days after stopping.,pregnancy_and_contraception_risks
Can I take cranberry supplements?,drug_and_supplement_interactions
Should I avoid herbal supplements?,drug_and_supplement_interactions
Do you know everything about Accutane?,bot_identity_and_disclaimer
"Hello, I'm writing on behalf of my son.",greeting
Is abstinence a valid method of birth control for this drug?,pregnancy_and_contraception_risks
Some people have committed suicide on this drug.,mental_health_warnings
Can I engage in vigorous physical activity?,lifestyle_restrictions
Can you identify my skin type?,bot_identity_and_disclaimer
Can it cause nail dystrophy?,common_side_effects_and_adverse_reactions
Can I take blood pressure medication?,drug_and_supplement_interactions
"If I overdose, should I check for pregnancy?",dosage_and_administration
"I have amenorrhea, when should I get my pregnancy test?",pregnancy_and_contraception_risks
Can the doctor just write 'qualified' on the paper instead of the sticker?,prescription_process_and_smart_program
Can I take this with antibiotics?,dosage_and_administration
Does it cause excessive thirst?,common_side_effects_and_adverse_reactions
"If I lose interest in activities, should I stop the drug?",mental_health_warnings
"My doctor said I have 'few' nodules, so I can't take it?",indications_and_efficacy
Did a human write your responses?,bot_identity_and_disclaimer
Can I take fish oil?,drug_and_supplement_interactions
"If I am male, do I need a pregnancy test?",pregnancy_and_contraception_risks
I am having trouble wearing my contact lenses.,common_side_effects_and_adverse_reactions
Is this conversation private?,bot_identity_and_disclaimer
"I have to read the 'Be Smart, Be Safe, Be Sure' booklet.",pregnancy_and_contraception_risks
I have feelings of worthlessness.,mental_health_warnings
Does the prescriber have to call Roche to get stickers?,prescription_process_and_smart_program
What is the best time to visit Hawaii?,unrelated
Can it cause color vision disorders?,common_side_effects_and_adverse_reactions
Can I drive home from work at night?,lifestyle_restrictions
My school performance is going down.,mental_health_warnings
How do I make a budget spreadsheet?,unrelated
How do I make a latte?,unrelated
What is the most popular sport in the world?,unrelated
Hello again.,greeting
Do I need to show my ID to pick this up?,prescription_process_and_smart_program
Can I take ginseng?,drug_and_supplement_interactions
Should I avoid UV rays?,lifestyle_restrictions
Is the treatment usually 15 to 20 weeks long?,dosage_and_administration
I must have a negative serum pregnancy test before my initial prescription.,pregnancy_and_contraception_risks
I don't enjoy sports anymore.,mental_health_warnings
Are you a retrieval system?,bot_identity_and_disclaimer
"Thanks for the info, bye.",goodbye
